{
  "total": 7,
  "rows": [
    {
      "id": 1,
      "name": "1",
      "begin": "1",
      "end": "7",
      "progress": 60,
      "iconCls": "icon-ok"
    },
    {
      "id": 2,
      "name": "1-1",
      "begin": "2",
      "end": "6",
      "progress": 100,
      "_parentId": 1,
      "state": "closed"
    },
    {
      "id": 21,
      "name": "Database",
      "persons": 2,
      "begin": "3",
      "end": "5",
      "progress": 100,
      "_parentId": 2
    },
    {
      "id": 22,
      "name": "UML",
      "persons": 1,
      "begin": "4",
      "end": "4",
      "progress": 100,
      "_parentId": 2
    },
    {
      "id": 23,
      "name": "Export Document",
      "persons": 1,
      "begin": "5",
      "end": "3",
      "progress": 100,
      "_parentId": 2
    },
    {
      "id": 3,
      "name": "Coding",
      "persons": 2,
      "begin": "6",
      "end": "2",
      "progress": 80
    },
    {
      "id": 4,
      "name": "Testing",
      "persons": 1,
      "begin": "7",
      "end": "1",
      "progress": 20
    }
  ],
  "footer": 
  [
    {
      "name": "Total Persons:",
      "persons": 7,
      "iconCls": "icon-sum"
    }
  ]}
