[
  {
    "outputFileName": "wwwroot/lib/jquery/jquery.1.10.2.min.js",
    "inputFiles": [
      "wwwroot/lib/jquery/jquery.1.10.2.js"
    ]
  },
  {
    "outputFileName": "wwwroot/fonts/iconfont.min.css",
    "inputFiles": [
      "wwwroot/fonts/iconfont.css"
    ]
  },
  {
    "outputFileName": "wwwroot/css/common.min.css",
    "inputFiles": [
      "wwwroot/css/common.css"
    ]
  },
  {
    "outputFileName": "wwwroot/css/framebox.min.css",
    "inputFiles": [
      "wwwroot/css/framebox.css"
    ]
  },
  {
    "outputFileName": "wwwroot/lib/jquery/jquery.cookie.min.js",
    "inputFiles": [
      "wwwroot/lib/jquery/jquery.cookie.js"
    ]
  },
  {
    "outputFileName": "wwwroot/js/sellerscroll.min.js",
    "inputFiles": [
      "wwwroot/js/sellerscroll.js"
    ]
  },
  {
    "outputFileName": "wwwroot/js/util.min.js",
    "inputFiles": [
      "wwwroot/js/util.js"
    ]
  },
  {
    "outputFileName": "wwwroot/js/ui.min.js",
    "inputFiles": [
      "wwwroot/js/ui.js"
    ]
  },
  {
    "outputFileName": "wwwroot/lib/validate/jquery.validate.min.js",
    "inputFiles": [
      "wwwroot/lib/validate/jquery.validate.js"
    ]
  },
  {
    "outputFileName": "wwwroot/lib/dialog/dialog.yui.min.js",
    "inputFiles": [
      "wwwroot/lib/dialog/dialog.yui.js"
    ]
  },
  {
    "outputFileName": "wwwroot/js/framebox.min.js",
    "inputFiles": [
      "wwwroot/js/framebox.js"
    ]
  },
  {
    "outputFileName": "wwwroot/css/bootstrap.min.css",
    "inputFiles": [
      "wwwroot/css/bootstrap.css"
    ]
  },
  {
    "outputFileName": "wwwroot/js/base.min.js",
    "inputFiles": [
      "wwwroot/js/base.js"
    ]
  },
  {
    "outputFileName": "wwwroot/lib/slimscroll/jquery.slimscroll.min.js",
    "inputFiles": [
      "wwwroot/lib/slimscroll/jquery.slimscroll.js"
    ]
  }
]
